{
  "run": "calibration_logs/20260407_122510",
  "counts": {
    "total": 114,
    "L": 1,
    "U": 1,
    "N": 56,
    "B": 56
  },
  "zero": {
    "forward_zero_as5600_deg": 304.10156,
    "reverse_zero_as5600_deg": 303.31054,
    "combined_zero_center_as5600_deg": 303.70605,
    "forward_reverse_zero_shift_as5600_deg": 0.7910200000000032,
    "forward_reverse_zero_shift_microsteps": 7.031288888888917
  },
  "forward_fit": {
    "slope": 0.07777584406902383,
    "intercept": -23.646618722227743,
    "zero_as5600_deg": 304.0355139218039,
    "rms_error_deg": 0.04002358388552921,
    "max_abs_error_deg": 0.12380437867603011
  },
  "reverse_fit": {
    "slope": 0.07546146758457788,
    "intercept": -22.88979174273932,
    "zero_as5600_deg": 303.3308584554659,
    "rms_error_deg": 0.041749054285065,
    "max_abs_error_deg": 0.09177593017927
  },
  "all_signed_fit": {
    "slope": 0.07666806118825792,
    "intercept": -23.284439067900866,
    "zero_as5600_deg": 303.7045505914918,
    "rms_error_deg": 0.04520923777794275,
    "max_abs_error_deg": 0.11752492980025553
  },
  "signed_hysteresis": {
    "samples": 55,
    "mean_reverse_minus_forward_deg": 0.019264079663539324,
    "mean_abs_deg": 0.04662088684554025,
    "rms_deg": 0.060723470094612694,
    "max_abs_deg": 0.11777764293010251
  },
  "abs_hysteresis": {
    "samples": 55,
    "mean_reverse_minus_forward_deg": -0.015527115812787647,
    "mean_abs_deg": 0.04662088684554025,
    "max_abs_deg": 0.11777764293010251
  }
}